<?xml version="1.0"?>
<Result xmlns:xsi="http://www.w3.org/2001/XMLSchema-instance" xmlns:xsd="http://www.w3.org/2001/XMLSchema">
  <Variants>
    <Variant>
      <Sku>HBCV000003LM4E</Sku>
      <BuyboxOrders>
        <BuyboxOrder>
          <Rank>1</Rank>
          <MerchantName>AFEKS</MerchantName>
          <Price>316.42</Price>
          <DispatchTime>4</DispatchTime>
          <MerchantRating>9</MerchantRating>
        </BuyboxOrder>
      </BuyboxOrders>
    </Variant>
    <Variant>
      <Sku>HBCV000003LMZP</Sku>
      <BuyboxOrders>
        <BuyboxOrder>
          <Rank>1</Rank>
          <MerchantName>AFEKS</MerchantName>
          <Price>272.28</Price>
          <DispatchTime>13</DispatchTime>
          <MerchantRating>9</MerchantRating>
        </BuyboxOrder>
      </BuyboxOrders>
    </Variant>
    <Variant>
      <Sku>HBV000003AIO4</Sku>
      <BuyboxOrders>
        <BuyboxOrder>
          <Rank>1</Rank>
          <MerchantName>AFEKS</MerchantName>
          <Price>513.05</Price>
          <DispatchTime>4</DispatchTime>
          <MerchantRating>9</MerchantRating>
        </BuyboxOrder>
      </BuyboxOrders>
    </Variant>
    <Variant>
      <Sku>HBV000003AIO8</Sku>
      <BuyboxOrders>
        <BuyboxOrder>
          <Rank>1</Rank>
          <MerchantName>AFEKS</MerchantName>
          <Price>513.05</Price>
          <DispatchTime>4</DispatchTime>
          <MerchantRating>9</MerchantRating>
        </BuyboxOrder>
      </BuyboxOrders>
    </Variant>
    <Variant>
      <Sku>HBV000003AIOK</Sku>
      <BuyboxOrders>
        <BuyboxOrder>
          <Rank>1</Rank>
          <MerchantName>AFEKS</MerchantName>
          <Price>513.05</Price>
          <DispatchTime>4</DispatchTime>
          <MerchantRating>9</MerchantRating>
        </BuyboxOrder>
      </BuyboxOrders>
    </Variant>
    <Variant>
      <Sku>HBV00000E86D4</Sku>
      <BuyboxOrders>
        <BuyboxOrder>
          <Rank>1</Rank>
          <MerchantName>AFEKS</MerchantName>
          <Price>190.74</Price>
          <DispatchTime>4</DispatchTime>
          <MerchantRating>9</MerchantRating>
        </BuyboxOrder>
      </BuyboxOrders>
    </Variant>
    <Variant>
      <Sku>HBV00000E86DM</Sku>
      <BuyboxOrders>
        <BuyboxOrder>
          <Rank>1</Rank>
          <MerchantName>AFEKS</MerchantName>
          <Price>296.71</Price>
          <DispatchTime>4</DispatchTime>
          <MerchantRating>9</MerchantRating>
        </BuyboxOrder>
        <BuyboxOrder>
          <Rank>2</Rank>
          <MerchantName>dizevimi</MerchantName>
          <Price>455</Price>
          <DispatchTime>2</DispatchTime>
          <MerchantRating>8.6</MerchantRating>
        </BuyboxOrder>
      </BuyboxOrders>
    </Variant>
    <Variant>
      <Sku>HBV00000E86IG</Sku>
      <BuyboxOrders>
        <BuyboxOrder>
          <Rank>1</Rank>
          <MerchantName>AFEKS</MerchantName>
          <Price>141.42</Price>
          <DispatchTime>4</DispatchTime>
          <MerchantRating>9</MerchantRating>
        </BuyboxOrder>
        <BuyboxOrder>
          <Rank>2</Rank>
          <MerchantName>OzgurMobilyaMalzeme</MerchantName>
          <Price>193.44</Price>
          <DispatchTime>20</DispatchTime>
          <MerchantRating>10</MerchantRating>
        </BuyboxOrder>
      </BuyboxOrders>
    </Variant>
    <Variant>
      <Sku>HBV00000UCJL3</Sku>
      <BuyboxOrders>
        <BuyboxOrder>
          <Rank>1</Rank>
          <MerchantName>AFEKS</MerchantName>
          <Price>113.64</Price>
          <DispatchTime>4</DispatchTime>
          <MerchantRating>9</MerchantRating>
        </BuyboxOrder>
      </BuyboxOrders>
    </Variant>
  </Variants>
</Result>
