<?xml version="1.0"?>
<Result xmlns:xsi="http://www.w3.org/2001/XMLSchema-instance" xmlns:xsd="http://www.w3.org/2001/XMLSchema">
  <Variants>
    <Variant>
      <Sku>HBCV000003LOX0</Sku>
      <BuyboxOrders>
        <BuyboxOrder>
          <Rank>1</Rank>
          <MerchantName>AFEKS</MerchantName>
          <Price>437.81</Price>
          <DispatchTime>13</DispatchTime>
          <MerchantRating>9</MerchantRating>
        </BuyboxOrder>
      </BuyboxOrders>
    </Variant>
    <Variant>
      <Sku>HBV000003D1LV</Sku>
      <BuyboxOrders>
        <BuyboxOrder>
          <Rank>1</Rank>
          <MerchantName>AFEKS</MerchantName>
          <Price>487.02</Price>
          <DispatchTime>13</DispatchTime>
          <MerchantRating>9</MerchantRating>
        </BuyboxOrder>
        <BuyboxOrder>
          <Rank>2</Rank>
          <MerchantName>Mimart Stone</MerchantName>
          <Price>749.99</Price>
          <DispatchTime>7</DispatchTime>
          <MerchantRating>10</MerchantRating>
        </BuyboxOrder>
      </BuyboxOrders>
    </Variant>
    <Variant>
      <Sku>HBV00000E863M</Sku>
      <BuyboxOrders>
        <BuyboxOrder>
          <Rank>1</Rank>
          <MerchantName>AFEKS</MerchantName>
          <Price>177.42</Price>
          <DispatchTime>13</DispatchTime>
          <MerchantRating>9</MerchantRating>
        </BuyboxOrder>
      </BuyboxOrders>
    </Variant>
    <Variant>
      <Sku>HBV00000E86I4</Sku>
      <BuyboxOrders>
        <BuyboxOrder>
          <Rank>1</Rank>
          <MerchantName>AFEKS</MerchantName>
          <Price>71.43</Price>
          <DispatchTime>13</DispatchTime>
          <MerchantRating>9</MerchantRating>
        </BuyboxOrder>
      </BuyboxOrders>
    </Variant>
    <Variant>
      <Sku>HBV00000E86I8</Sku>
      <BuyboxOrders>
        <BuyboxOrder>
          <Rank>1</Rank>
          <MerchantName>AFEKS</MerchantName>
          <Price>135.05</Price>
          <DispatchTime>13</DispatchTime>
          <MerchantRating>9</MerchantRating>
        </BuyboxOrder>
        <BuyboxOrder>
          <Rank>2</Rank>
          <MerchantName>mobsismobilya</MerchantName>
          <Price>157.32</Price>
          <DispatchTime>3</DispatchTime>
          <MerchantRating>8.1</MerchantRating>
        </BuyboxOrder>
      </BuyboxOrders>
    </Variant>
    <Variant>
      <Sku>HBV00000E86K8</Sku>
      <BuyboxOrders>
        <BuyboxOrder>
          <Rank>1</Rank>
          <MerchantName>AFEKS</MerchantName>
          <Price>102.56</Price>
          <DispatchTime>13</DispatchTime>
          <MerchantRating>9</MerchantRating>
        </BuyboxOrder>
      </BuyboxOrders>
    </Variant>
    <Variant>
      <Sku>HBV00000EYDYR</Sku>
      <BuyboxOrders>
        <BuyboxOrder>
          <Rank>1</Rank>
          <MerchantName>AFEKS</MerchantName>
          <Price>40.07</Price>
          <DispatchTime>13</DispatchTime>
          <MerchantRating>9</MerchantRating>
        </BuyboxOrder>
      </BuyboxOrders>
    </Variant>
    <Variant>
      <Sku>HBV00000EYE43</Sku>
      <BuyboxOrders>
        <BuyboxOrder>
          <Rank>1</Rank>
          <MerchantName>AFEKS</MerchantName>
          <Price>82.93</Price>
          <DispatchTime>13</DispatchTime>
          <MerchantRating>9</MerchantRating>
        </BuyboxOrder>
      </BuyboxOrders>
    </Variant>
    <Variant>
      <Sku>HBV00000EYE5A</Sku>
      <BuyboxOrders>
        <BuyboxOrder>
          <Rank>1</Rank>
          <MerchantName>AFEKS</MerchantName>
          <Price>93.13</Price>
          <DispatchTime>13</DispatchTime>
          <MerchantRating>9</MerchantRating>
        </BuyboxOrder>
      </BuyboxOrders>
    </Variant>
  </Variants>
</Result>